<module xmlns="urn:jboss:module:1.0" name="com.acme.corp.tracker">
    <resources>
        <resource-root path="acme-subsystem.jar"/>
    </resources>
    
    <dependencies>
        <module name="javax.api"/>
        <module name="org.jboss.staxmapper"/>
        <module name="org.jboss.as.controller"/>
        <module name="org.jboss.as.server"/>
        <module name="org.jboss.modules"/>
        <module name="org.jboss.msc"/>
        <module name="org.jboss.logging"/>
        <module name="org.jboss.vfs"/>
    </dependencies>
</module>
